Name,Category,Latitude,Longitude
Cafe van Mila,Kafe,-6.9168888,106.9039197
Ngopi di Kebon Awi,Kafe,-6.9131781,106.9086526
VD Coffee,Kedai Kopi,-6.9106222,106.8975234
Kabumi Garden,Kafe,-6.9049059,106.8777305
Kedai Kopi Nusantara Sukabumi,Kafe,-6.9072209,106.8737166
Bike & Caffeine,Kedai Kopi,-6.9074908,106.8909719
Coffee.Sejiwa,Kedai Kopi,-6.9063086,106.8961914
Teras Cafe,Kafe,-6.8960252,106.8591933
Kedai neng iteung,Kantor Perusahaan,-6.9126413,106.8995452
Like Earth Coffee,Kedai Kopi,-6.917897,106.9303913
D'Green Resto and Coffee,Kafe,-6.9073637,106.9372068
Seecul Coffee Bar,Kedai Kopi,-6.916904,106.9040144
Perdana Coffee,Kedai Kopi,-6.9079964,106.8916931
Kabar Baik,Restoran,-6.9097521,106.8746508
Habit Coffee,Kedai Kopi,-6.9142624,106.9199599
Moonshine Coffee & Space,Kedai Kopi,-6.8843541,106.9064907
Mason Coffee,Kedai Kopi,-6.9166737,106.9081878
Tifanice cafe & wisata,Kafe,-6.9161129,106.8842193
Yume Coffee,Kedai Kopi,-6.9171048,106.929665
Red Brick Cafe,Restoran,-6.9400865,106.9235813
Kamsia Boba Sukabumi - Cisaat,Kafe,-6.9071756,106.8905146
Analog Koffiehuis,Kedai Kopi,-6.9175853,106.9182901
BC SUKMA ( Sukabumi MAXIM ),Kedai Kopi,-6.9070421,106.9018241
ASA Cafe,Kedai Kopi,-6.906513,106.8736992
Sunda Coffee & Space (Coffee Shop & Creative Space),Kedai Kopi,-6.9172988,106.9324639
Garden city,Kafe,-6.9205311,106.9292178
Aurora Sky Grill & Cafe,Kafe,-6.9162686,106.9179789
Khumaira Cafe,Kedai Kopi,-6.8985113,106.8995536
Discovery Rooftop Cafe,Kafe,-6.9102577,106.9213868
Susu Murni Wangsit Sukabumi,Kafe,-6.9106352,106.8951056
ABADI CAFE - COFFE & BOBA Cibaraja,Kedai Kopi,-6.9011997,106.8818975
Everbloom Cafe,Kafe,-6.9139579,106.9303695
PRIDE PALACE COFFE N EATERY ( MUSIC & HOBBIES SPACE),Kafe,-6.9169895,106.9305169
Haus! Dago Sukabumi,Kafe,-6.9203866,106.9309622
Dago House Food and Coffee Bar,Kedai Kopi,-6.919988,106.9310191
Kukira Coffee,Kedai Kopi,-6.9187496,106.9163431
Praline Sukabumi,Restoran,-6.9138936,106.9336072
Barn Coffee,Kedai Kopi,-6.9224475,106.9339727
Gourmet Coffeenery,Kedai Kopi,-6.9204149,106.930855
Mokopi Jungle,Kedai Kopi,-6.8840526,106.9449618
SK CAFE Coffee Bar & Resto,Kafe,-6.9016903,106.8346442
The Gade Corner Coffee and Gold Sukabumi,Kedai Kopi,-6.9284842,106.9263937
Kopi Janji Jiwa Sukabumi,Kedai Kopi,-6.916138,106.9174114
Rutinitas coffee,Kedai Kopi,-6.9225111,106.944953
Seecul Coffee Bar,Kedai Kopi,-6.9202731,106.9273496
KUSBICK COFFEE,Kafe,-6.9156088,106.9269584
TOMORO COFFEE SUKABUMI TOSERBA SELAMAT,Kedai Kopi,-6.921026,106.9345486
Tikkum,Kafe,-6.9178775,106.9323851
Viesta Coffee & Dining,Kafe,-6.9138142,106.9351942
Coffee Chaproek,Bar Kopi Espresso,-6.921457,106.9234728
KANASPACEID,Kedai Kopi,-6.8880953,106.9001196
Casa de Coffee,Kedai Kopi,-6.9173561,106.9294586
Fore Coffee - Citimall Sukabumi,Kafe,-6.922197,106.9287538
K&J Coffee,Kedai Kopi,-6.9145677,106.9292051
C'KOPI GAUD,Kafe,-6.9216695,106.9249364
Somewhere Coffee,Kedai Kopi,-6.8939638,106.94169
Kopi Tekun Sukabumi,Kedai Kopi,-6.9202609,106.9309856
Kaisha palace Food and coffee,Kafe seni,-6.9178803,106.9363358
MOKODO SPACE,Kafe,-6.9337058,106.9249425
MARA cafe,Kedai Kopi,-6.916477,106.93573
Seecul Coffee Bar,Kedai Kopi,-6.9175535,106.9299471
Kopitiam Zakse,Kedai Kopi,-6.9223259,106.93087
Dakara Coffee Sukabumi,Kedai Kopi,-6.9183943,106.9105151
Brue,Kedai Kopi,-6.917467,106.9313126
Mouvie Cafe,Kafe,-6.8581436,106.9492343
PlayClub Coffee,Kedai Kopi,-6.9214966,106.9272189
Tji Colle Eatery And Coffe Shop,Kedai Kopi,-6.9169895,106.9305169
Esteh Indonesia Sukabumi,Kafe,-6.920619,106.921985
Cafe Nyoempoet,Sesuai untuk keluarga,-6.9459253,106.9130487
Kopibumi Sukabumi,Kafe,-6.8808025,106.9044169
Chade cafe,Kafe,-6.9124876,106.8997186
Kedai Kopi 35,Kafe,-6.9110476,106.9346821
Seecul Signature Kaum,Kedai Kopi,-6.9200698,106.9253477
Co-Feed Coffee,Kedai Kopi,-6.9174808,106.932235
Kopi Nako Sukabumi,Kedai Kopi,-6.9050142,106.9415424
The Backyard Cafe by Berkah,Kedai Kopi,-6.9490327,106.9189909
Sukabumi Coffee Center,Kedai Kopi,-6.9215855,106.9268733
Laoban Kopitiam By Uncle Osh Sukabumi,Kedai Kopi,-6.9085068,106.936698
Bistro 99 Resto & Cafe,Kafe,-6.9214846,106.9220268
Ground 68 Coffe & Eatery,Kafe,-6.9186607,106.9368091
Ground 68 Coffe & Eatery,Kafe,-6.9186607,106.9368091
HAUS BENTENG SUKABUMI,Kedai Kopi,-6.9215496,106.9226938
MABES WARRIOR COFEE SUKABUMI,Kedai Kopi,-6.9117749,106.9023289
Butler Bar & Bistro,Restoran,-6.9142644,106.9353048
Starbucks Siliwangi Sukabumi,Kedai Kopi,-6.9182585,106.9363307
Kopi Kamana - Sriwidari,Kedai Kopi,-6.9173096,106.9258393
Milan Pizzeria Cafe,Kafe,-6.9188451,106.9282451
Kopi Pontis,Kafe,-6.8858975,106.8112061
All Sunday exp project,Kedai Kopi,-6.917984,106.9185139
KOPDARAN YMCI CHAPTER SUKABUMI,Kafe,-6.9218978,106.9263428
Mr Ebood Sukabumi 1,Kafe,-6.9174929,106.9297769
KEDAI DM STREET FOOD SUKABUMI,Kedai Kopi,-6.9178556,106.9110689
Warkop bilakia Sukabumi,Kedai Kopi,-6.9036322,106.879944
Warga Holy,Kedai Kopi,-6.9128191,106.9331877
OREGONCOFFEEBAR,Kedai Kopi,-6.9469137,106.94039
Kedai Saribhumi,Kafe,-6.9173268,106.9313392
Point Coffee Fresh Raden Samsudin,Kedai Kopi,-6.9148532,106.9357845
Kalijodocoffee Sukabumi,Kedai Kopi,-6.9201946,106.9297307
Kopi Dermawan,Kafe,-6.9166462,106.9313158
KOPI SUKABUMI,Kedai Kopi,-6.9022225,106.8494287
"""Suatu Hari"" (creative space & mini cafe)",Kafe seni,-6.911936,106.933955
Brunch Recipe Cafe,Restoran,-6.9185184,106.9336938
The Secret Chamber Coffee,Kedai Kopi,-6.9107794,106.9349729
Anomaly Board Game Cafe,Kafe,-6.9175019,106.9363569
Warung Kopi PALUGADA Sukabumi,Kedai Kopi,-6.9109174,106.8956446
Delapan Belas Cafe,Kafe,-6.9121125,106.9621216
Ubi Cilembu Sukabumi,Kedai Kopi,-6.9018934,106.8470199
GBK Sukabumi,Kafe,-6.9219468,106.9268534
Mr.yos,Kedai Kopi,-6.9226835,106.9339108
Gang Makmoer,Restoran,-6.9174261,106.9313277
KANAWA,Restoran,-6.9103619,106.9357207
TAWACOFFEE SUKABUMI,Kedai Kopi,-6.9150631,106.9298832
Mason Coffee,Kedai Kopi,-6.8817859,106.9467529
The Uluwatu Galdery,Kedai Kopi,-6.8751112,106.9492287
Console coffee,Kedai Kopi,-6.921928,106.9268481
Photo Coffee Eat & Drink Sukabumi,Kafe,-6.9119694,106.9348388
Pusat Jajanan Sukabumi Dago,Kafe,-6.9182828,106.9314545
D'Joglo Odjo Dumeh,Kafe,-6.913357,106.928157
Satu Kenangan - Ahmad Yani Sukabumi,Kedai Kopi,-6.9219096,106.9264219
Kopi Merdeka Sukabumi,Kedai Kopi,-6.918832,106.9264121
Restaurant Sunda Rasa Sukabumi,Restoran Sunda,-6.918992,106.9367039
Rumah Makan Haroem Sari,Restoran,-6.9196963,106.9359431
De Kebondjati,Restoran,-6.9185767,106.9362257
PANORAMA RESTO AND CAFE,Restoran Sunda,-6.9509184,106.9210714
Mamih Ungu Resto and Cafe,Restoran Indonesia,-6.9187583,106.9194507
Rumah Makan Cikole Sukabumi,Restoran Masakan Ayam,-6.9176893,106.9324112
RM Saung Karang Ni'mat,Restoran Sunda,-6.9458863,106.9394246
Seoul little,Restoran Korea,-6.9225307,106.9314186
Rumah Makan Sunda Neira,Restoran Sunda,-6.8947584,106.8036274
RM Ibu Bunut,Restoran Sunda,-6.9146862,106.9331533
Waroeng Semesta,Restoran,-6.9116727,106.9354074
Soedirman Street Food,Restoran,-6.9207264,106.9220751
roemah om sinyo,Rumah Makan,-6.9114262,106.9340693
Botram Resto,Restoran,-6.917268,106.9294602
Ladaland Sukabumi,Restoran,-6.9161949,106.9325596
Rumah Makan Sunda Kang Abah,Restoran Sunda,-6.9502994,106.9324408
Mang Kabayan Sukabumi,Restoran Sunda,-6.9188289,106.9287682
Rumah Seafood Sukabumi,Restoran Seafood,-6.90814,106.9367248
Bebek Jontor Jalur Sukabumi,Restoran Indonesia,-6.9487956,106.9380888
RM Saung Hegar Rizky,Restoran Sunda,-6.9501267,106.9193211
RM Ayam Bunut,Restoran,-6.9145576,106.9346619
Waroeng Restoe Iboe,Kafe,-6.9092521,106.936271
Praline Sukabumi,Restoran,-6.9138936,106.9336072
Rumah Makan Athiam,China,-6.9202022,106.9293057
Saung Liwet Mak Onot,Rumah Makan,-6.9239743,106.8936885
Rumah Makan Jam Gadang Ciaul,Rumah Makan,-6.9226547,106.9408064
IKAN BAKAR CIBADAK - SEAFOOD RESTO & CAFE,Hidangan Laut,-6.8946367,106.7954403
Rumah Makan Jam Gadang Selabintana Sukabumi,Padang,-6.897057,106.938621
Rumah makan padang SARASA,Restoran,-6.9126439,106.9302403
Rumah Makan Teh Ica,Sunda,-6.9061536,106.891822
Bistro 99 Resto & Cafe,Sesuai untuk keluarga,-6.9214846,106.9220268
"Rumah Makan ""SUNDA NGEUNAH""",Restoran,-6.9043724,106.8864176
Ale's Place Cipoho | Restoran Jepang Halal di Kota Sukabumi,Jepang,-6.9360843,106.9251829
Rumah Makan Larosse,Sunda,-6.9541188,106.7683977
Rasa Roemah,Indonesia,-6.9228074,106.9339015
Rumah makan Neng Ardila,Restoran,-6.8960197,106.8142108
RUMAH MAKAN JALUR SUNDA,Restoran makanan pedesaan,-6.9510995,106.9297708
Warung Nasi Adang,Sunda,-6.9496118,106.9342517
Tuna Bakar Cafe & Resto,Restoran,-6.9504375,106.9216875
Rumah Makan BUNDA,Padang,-6.9158718,106.9324199
Surabi Tasik Pak Asep,Rumah Makan,-6.9002113,106.9231898
Warung Makan 99 A,Sunda,-6.9093148,106.9362413
Rumah Makan Bu Hj. Lia,Restoran,-6.9262338,106.9212758
KHAIRA AYAM GORENG SUKABUMI,Ayam Goreng,-6.9236737,106.9352417
Saung Indung,Restoran,-6.9511197,106.930879
Bubur Ayam Bunut Siliwangi,Bubur,-6.9122668,106.9349334
Waroeng ASRIE Sukabumi Jalur,Hidangan Laut,-6.9490267,106.919863
Kari am Garuda resto,Restoran,-6.9598514,106.9436713
Kopi Nako Sukabumi,Kedai Kopi,-6.9050142,106.9415424
Warung nasi mamah,Nasi,-6.9195693,106.9180601
Rumah Makan Padang Elok Basamo,Padang,-6.9293475,106.9327889
Rumah Makan Bang Basir Masakan Padang,Padang,-6.9069781,106.8956655
Rumah Makan Toboh Mandiri,Padang,-6.9040448,106.8790838
Rumah Makan Simpang Baru,Padang,-6.9211658,106.9229408
Rumah Makan Ibu Baba,Sunda,-6.9099841,106.9357239
Rumah Makan Rumah Gadang,Padang,-6.9029641,106.9379117
LEGO STREET FOOD COURT CIBADAK,Restoran,-6.8924375,106.7835625
Rm.pak Nano,Sunda,-6.9362688,106.9211587
Rumah makan masakan padang ELOK DI CUBO,Padang,-6.9151808,106.9514854
Mie SP Seuhah Pisan Karamat,Mi,-6.9090112,106.9215973
Rumah Makan Rumah Gadang,Padang,-6.9029641,106.9379117
Lego Lagi,Restoran,-6.892704,106.7836906
Sate H. Mamat (Pusat),Sate,-6.9216695,106.9249364
Rumah Makan Parasmanan,Padang,-6.9360768,106.9365383
Warung Makan Dapur Sukabumi,Indonesia,-6.9142283,106.9326492
Rumah makan Pak Idit,Padang,-6.9404969,106.9232254
Rumah Makan Elok Basamo ALvani,Padang,-6.9221144,106.9311327
Rumah Makan Ibu Mimin,Sunda,-6.900665,106.8254917
Rumah Makan Do'a Ibu,Rumah Makan,-6.9007314,106.9499914
Rumah Makan Padang Basalero,Padang,-6.8945837,106.7908157
Rumah Makan Ibu Denti,Rumah Makan,-6.9223973,106.926938
Rumah Makan Seafood,Hidangan Laut,-6.9106157,106.8955629
Rumah Makan Citra Rasa,Padang,-6.9124721,106.8991696
Rumah Makan Bakery,Restoran,-6.9080247,106.9206712
Rumah Makan Bintang Minang,Padang,-6.905516,106.8924547
Rumah makan abah,Rumah Makan,-6.8959277,106.8358218
Tahu Sumedang Jalur RM. H Didi,Sunda,-6.915414,106.8828292
Rumah Makan Pak Ajo Cikembang,Padang,-6.9453986,106.7719951
Rumah makan Talago Minang,Padang,-6.9512476,106.9306352
Rumah makan sambal GAMI,Indonesia,-6.9109623,106.9349299
Rumah Makan Mamah Ezha,Restoran,-6.9223216,106.9391631
Rumah makan sunda ibu eneng,Restoran,-6.9575057,106.7720293
Kopi Panorama,Restoran,-6.8977547,106.8215124
Rumah Makan Padang Aghai Pinang,Restoran,-6.9173841,106.9363089
Rumah makan uwo,Restoran,-6.9345808,106.9319467
Rumah Makan Ibu Cicoh,Restoran,-6.9084343,106.9363998
Rumah Makan,Restoran,-6.9074832,106.895589
Rumah Makan Padang Talago Minang Cibatu,Brunch,-6.908418,106.8829544
RUMAH MAKAN T.M,Restoran,-6.929919,106.9327053
Warung Makan Anugrah,Restoran,-6.9632779,106.9432363
Rumah Makan Ateu Cisarua 10,Restoran,-6.9045649,106.9377268
Rumah Makan Dapur Kita,Restoran,-6.9191144,106.9577429
Rumah Makan Raos,Indonesia,-6.9564396,106.9063094
Rumah makan mang iyan sukabumi,Indonesia,-6.9169504,106.9307038
Rumah Makan Putri Caniago Masakan Padang,Padang,-6.9507382,106.9224603
Rumah Makan Seafood Alam Laut,Hidangan Laut,-6.9179747,106.9346064
Rumah Makan Minang Surya 2,Makanan Siap Saji,-6.9517237,106.9264101
Rumah Makan Pak Uca,Kafe,-6.9207629,106.9379283
Rumah makan padang ampero saiyo,Padang,-6.9312036,106.9294079
Rumah Makan Cibadak Raya,Restoran,-6.9541173,106.7683981
RESTO RUMAH MAKAN LESEHAN ABAH WANDA,Restoran,-6.9487911,106.9179295
Rumah Makan Bintang Minang,Restoran,-6.9285295,106.8774497
Rumah Makan Elvita Minang,Padang,-6.917564,106.9644334
Rumah makan stopan Bu imas,Rumah Makan,-6.922216,106.9308725
Rumah Makan Tunas Jaya,Padang,-6.9224023,106.9294195
McDonald's Sukabumi indah plaza,Makanan Siap Saji,-6.9201147,106.930158
Rumah Makan Pelangi,Restoran,-6.90547,106.8685596
Rumah Makan Lima Bersaudara,Restoran,-6.9063316,106.7791501
Rumah makan sagala aya,Brunch,-6.9433886,106.9520121
Rumah Makan Padang Mutiara,Restoran,-6.9183315,106.9258099
Rumah Makan Neng Geulis,Restoran,-6.9255367,106.9264254
Rumah makan-RUMPUN PADI,Restoran,-6.9232744,106.9219404
Rumah Makan Nasi Padang Upik,Rumah Makan,-6.9111038,106.8991151
Rumah Makan Obat Lapar,Ikan Bakar,-6.9025027,106.8830161
Rumah Makan Pondok Selera,Padang,-6.8958028,106.8131833
Rumah Makan Soto Hj Maya Dan Masakan Sunda,Makanan Siap Saji,-6.9226136,106.9269587
Rumah Makan Ibu Muslich,Restoran,-6.9207666,106.935384
Rumah makan sawargi H.ekih,Rumah Makan,-6.9365802,106.9244266
Rumah Makan Atira Masakan Padang,Padang,-6.8920004,106.7820257
Rumah Makan Murah Saee (Masakan Padang),Brunch,-6.9341991,106.845454
Universitas Muhammadiyah Sukabumi,Universitas Swasta,-6.9187572,106.9340928
UNIVERSITAS LINGGABUANA PGRI SUKABUMI,Perguruan Tinggi,-6.9399803,106.9268549
Institut Manajemen Wiyata Indonesia,Perguruan Tinggi,-6.9192488,106.925441
Nusa Putra University,Perguruan Tinggi,-6.9051363,106.8734604
STH PASUNDAN SUKABUMI,Universitas,-6.9236321,106.9230968
Institut Madani Nusantara (IMN),Universitas,-6.9460767,106.9224582
STKIP Bina Mutiara Sukabumi,Perguruan Tinggi,-6.9215668,106.9585255
Sekolah Tinggi Agama Islam Syamsul Ulum,Perguruan Tinggi,-6.9166573,106.9172014
Universitas Bina Sarana Informatika (UBSI) Kampus Sukabumi,Perguruan Tinggi,-6.9155138,106.9046837
Universitas Bina Sarana Informatika Sukabumi Kampus B,Perguruan Tinggi,-6.918061,106.926295
Politeknik Sukabumi,Politeknik,-6.9197818,106.9127709
STISIP Widyapuri Mandiri Sukabumi,Universitas,-6.9095318,106.8957871
UNIVERSITAS LINGGABUANA PGRI SUKABUMI KAMPUS 2,Perguruan Tinggi,-6.9084361,106.9181223
Citra Buana Indonesia,Universitas,-6.9173665,106.9102308
STAI AL-ANDINA SUKABUMI,Perguruan Tinggi,-6.9014982,106.8382278
STIKes Sukabumi,Sekolah Perawat,-6.9079623,106.9208512
STIE PASIM SUKABUMI,Perguruan Tinggi,-6.948215,106.922833
Poltekes Yapkesbi Sukabumi,Perguruan Tinggi,-6.9079079,106.9481469
Politeknik Bbc Sukabumi,Perguruan Tinggi,-6.9485555,106.9232019
STMIK PASIM AL-FATH SUKABUMI,Perguruan Tinggi,-6.9237034,106.9341089
STIBA AR-RAAYAH SUKABUMI,Universitas,-6.9309452,106.7733571
SALUT CENDEKIA SUKABUMI,Perguruan Tinggi,-6.9084277,106.8740165
STIE PASIM,Perguruan Tinggi,-6.9147308,106.9368303
Kampus SV IPB Sukabumi,Universitas,-6.9418665,106.9553261
Jalan PGRI Sukabumi,Perguruan Tinggi,-6.9216146,106.9294378
STAI Al-Masthuriyah,Perguruan Tinggi,-6.905583,106.870346
Politeknik BBC Sukabumi Cabang 2 (Kampus Yannur),Perguruan Tinggi,-6.9102651,106.8542792
SALUT IPM SUKABUMI,Perguruan Tinggi,-6.9200384,106.9158024
Akademi Farmasi Persada Sukabumi,Perguruan Tinggi,-6.9080314,106.9527375
INSTITUT AGAMA ISLAM SUKABUMI,Perguruan Tinggi,-6.8866858,106.9157202
Asluku,Perguruan Tinggi,-6.8996616,106.8907013
Pintu masuk ummi,Universitas,-6.9184981,106.934042
Sekolah Tinggi Komputer & Pariwisata CBI,Sekolah perhotelan dan pariwisata,-6.9178543,106.9119539
SUKAROBOT ACADEMY,Pusat Pendidikan,-6.9227299,106.9332632
Setukpa Polri (Sekolah Pembentukan Perwira),Perguruan Tinggi,-6.9113679,106.9243439
RW 06 Kp.Cipancur,Perguruan tinggi negeri,-6.9119061,106.8746931
Rayon FTD universitas nusa putra,Perguruan Tinggi,-6.908521,106.8892793
STIE PGRl,Perguruan Tinggi,-6.9421729,106.9252209
SMA Negeri 1 Kota Sukabumi SMANSA,Sekolah Menengah Umum,-6.9390995,106.9309908
SMKS PGRI 1 KOTA SUKABUMI,Sekolah Menengah Kejuruan,-6.9362802,106.9264944
SMK Pelita YNH Kota Sukabumi,Sekolah Menengah Kejuruan,-6.9268079,106.9356718
SMKN 1 Kota Sukabumi,Sekolah menengah kejuruan,-6.9053523,106.9302106
SMAN 4 Kota Sukabumi,Sekolah Menengah Atas,-6.9195659,106.9313747
SMAN 2 Sukabumi,Sekolah Menengah Atas,-6.9055565,106.9176367
SMAN 3 Sukabumi,Sekolah Menengah Atas,-6.920827,106.9446041
Perguruan Tamansiswa Sukabumi,Institusi Pendidikan,-6.918607,106.9352116
SMK Persada Kota Sukabumi,Sekolah Menengah Kejuruan,-6.905568,106.9528994
SMP NEGERI 1 Kota Sukabumi,Sekolah Menengah Pertama,-6.9196957,106.931383
MAN 1 Kota Sukabumi,Sekolah Agama,-6.9427089,106.9316378
SMK Ulul Albab kota Sukabumi,Sekolah Menengah Kejuruan,-6.9013387,106.9140974
SMK Abdi Bangsa Kota Sukabumi,Sekolah Menengah Umum,-6.9267079,106.9160686
SMA Mardi Yuana Sukabumi,Sekolah Menengah Atas,-6.9208575,106.9321937
Sekolah Alam Indonesia Sukabumi,Sekolah Waldorf,-6.9000304,106.8945872
SMKN 2 Sukabumi,Sekolah Menengah Kejuruan,-6.9348919,106.9258822
SMA Islam Al Azhar 21 Sukabumi,Sekolah menengah,-6.9119026,106.9519737
Sekolah Menengah Atas Pesantren Unggul Al Bayan,Sekolah Menengah Atas,-6.9001288,106.7838226
SD IT Adzkia 1 Sukabumi,Sekolah pendidikan umum,-6.9078133,106.8980854
SD ISLAM AL AZHAR 7 SUKABUMI,Sekolah Dasar,-6.9131055,106.9305928
Yayasan Ummi Kulsum Sukabumi,Kelompok Bermain,-6.933493,106.9348172
SMA INTERNASIONAL ISTANBUL AL FATH,Sekolah Menengah Umum,-6.8942854,106.7884498
STISIP Widyapuri Mandiri Sukabumi,Sekolah,-6.9095318,106.8957871
MAN 2 Sukabumi,Sekolah Menengah Umum,-6.920739,106.9090452
SMAN 5 KOTA SUKABUMI,Sekolah menengah,-6.9452161,106.9516705
SMA Pesantren Terpadu Hayatan Thayyibah Sukabumi,Sekolah menengah,-6.9043372,106.9176426
SMKN 3 Negeri kota sukabumi,Sekolah Menengah Khusus Wanita,-6.9050687,106.9302572
STIBA AR-RAAYAH SUKABUMI,Sekolah,-6.9309452,106.7733571
SMK Bina Mandiri Sukabumi,Sekolah Menengah Kejuruan,-6.9042305,106.8623904
SDIT Andalusia Kota Sukabumi,Sekolah Dasar,-6.9060063,106.915029
Pondok Pesantren Sunanulhuda,Yayasan,-6.9034328,106.8681064
SMA PGRI 1 KOTA SUKABUMI,Sekolah menengah,-6.9371428,106.9307175
SMPN 11 Sukabumi,Sekolah Menengah Pertama,-6.9227997,106.9214102
SMP Negeri 8 Kota Sukabumi,Sekolah menengah,-6.950105,106.9277292
Gerbang SMA1 Sukabumi,Sekolah Menengah Atas,-6.9390346,106.9309559
SMAN 1 Cibadak,Sekolah Menengah Atas,-6.8963378,106.7802553
MIN Kota Sukabumi,Sekolah Dasar,-6.9186011,106.9201485
SDK BPK Penabur Sukabumi,Sekolah Dasar,-6.9210465,106.9311476
Sekolah Vokasi IPB Sukabumi,Sekolah Menengah Kejuruan,-6.9423897,106.9535394
SMAK BPK PENABUR SUKABUMI,Sekolah menengah,-6.9151287,106.9323478
SMPIT ANDALUSIA Kota Sukabumi,Sekolah Menengah Pertama,-6.9061842,106.9145883
SLB B Budi Nurani Kota Sukabumi,Sekolah Pendidikan Khusus,-6.9474728,106.9232178
SMP Negeri 6 Sukabumi,Sekolah Menengah Pertama,-6.9368027,106.9362466
MTsN KOTA SUKABUMI,Sekolah Menengah Pertama,-6.9424779,106.931145
RA ALKAUTSAR kota Sukabumi,Taman Kanak-kanak,-6.9279635,106.9361774
Madania Global Islamic School,Sekolah menengah,-6.9456815,106.9355833
SMAN 1 Cisaat,Sekolah Menengah Atas,-6.9250622,106.8799802
Sekolah Tahfizh Plus SD Khoiru Ummah Sukabumi,Sekolah Dasar,-6.931947,106.934053
MTs. Muhammadiyah 1 kota sukabumi,Sekolah Menengah Pertama,-6.9351203,106.9254104
SMP Negeri 2 Kota Sukabumi,Sekolah Menengah Pertama,-6.9186735,106.9314622
SMA Doa Bangsa Cibadak,Sekolah Menengah Atas,-6.8980221,106.8213648
SMK Teknologi Plus Padjadjaran Kota Sukabumi,Sekolah Menengah Umum,-6.9165779,106.9038302
Yuwati Bhakti,Sekolah Dasar,-6.9165922,106.931039
Yayasan Baitul Hikmah Sukabumi,Sekolah,-6.9184255,106.7712231
SMP Islam Al Azhar 7 Kota Sukabumi,Sekolah Menengah Pertama,-6.9176681,106.9077333
SDIT ADZKIA 2 SUKABUMI,Sekolah pendidikan umum,-6.926356,106.9460849
Sman 4 kota sukabumi,Sekolah Menengah Umum,-6.9203866,106.9309622
Kb / Tk Pasim Ar Rayyan,Sekolah Dasar,-6.9148571,106.9371095
TK Islam Al Azhar 7 Sukabumi,Taman Kanak-kanak,-6.9182192,106.9077639
Pondok Pesantren Modern Al-Firdaus,Sekolah pendidikan umum,-6.9233285,106.9579829
SMP Negeri 7 Kota Sukabumi,Sekolah Menengah Pertama,-6.9279432,106.9144804
MTs / MA Persis 68 Warudoyong Kota Sukabumi,Sekolah Menengah Pertama,-6.915636,106.905535
...,Sekolah Dasar,-6.9204072,106.9327985
SLB-A Budi Nurani Kota Sukabumi,Sekolah Tunarungu,-6.948459,106.9224925
SMP Negeri 3 Sukabumi,Sekolah Menengah Pertama,-6.9440386,106.9201753
Pondok Pesantren Ulul Albab Kota Sukabumi,Sekolah asrama,-6.9010293,106.9145214
MIS Hidayatul Athfal Kota Sukabumi,Sekolah Dasar,-6.9339799,106.9351998
SMA Al Masthuriyah,Sekolah Menengah Umum,-6.9053816,106.8704597
SDN Dewi Sartika CBM,Sekolah Dasar,-6.9170692,106.931445
Sekolah Khusus Insan Pelangi Mandiri Supervisi oleh EDUfa,Psikolog Anak,-6.916172,106.917768
SMP Negeri 12 Sukabumi,Sekolah Menengah Pertama,-6.9509108,106.9464638
SMP IT ADZKIA 1 SUKABUMI,Sekolah Menengah Pertama,-6.9080265,106.8989992
SDN Pajagalan Kota Sukabumi,Sekolah Dasar,-6.9271291,106.9229372
SMA NEGER 2 KARAMAT SUKABUMI,Sekolah Menengah Umum,-6.9036008,106.9189238
SMP Negeri 4 Kota Sukabumi,Sekolah Menengah Umum,-6.9025164,106.9253387
SMP PELITA YNH KOTA SUKABUMI,Sekolah menengah,-6.9269321,106.9355216
SMP Negeri 15,Sekolah Menengah Pertama,-6.9197005,106.9445543
MTs YASTI 1,Sekolah Menengah Pertama,-6.9117528,106.8868604
SDN Kebonjati kota sukabumi,Sekolah Dasar,-6.920078,106.9356109
SMA ISLAM TERPADU AL-FATH,Sekolah Menengah Umum,-6.9075302,106.9127287
MTs 2 Kota Sukabumi,Sekolah Menengah Pertama,-6.9433193,106.9313293
SD SMP SMA Advent Sukabumi,Sekolah pendidikan umum,-6.9188404,106.9270503
TK Islam An Nuur Sukabumi,Kelompok Bermain,-6.9216521,106.9366781
SD Mardi Waluya,Sekolah Dasar,-6.9201313,106.9312811
TK-SD-SMP NEGERI MODEL,Sekolah Dasar,-6.9547942,106.7677327
SMP Islam Al-Anhar Sukabumi,Sekolah Menengah Pertama,-6.8998662,106.8953831
TAUD AT-TARTIL SUKABUMI,Taman Kanak-kanak,-6.9046172,106.8868137
SMPN 6 KOTA SUKABUMI,Sekolah Menengah Pertama,-6.9369205,106.9362288
MIN 5 Sukabumi,Sekolah Dasar,-6.9288185,106.8365926
SMKS Lodaya Sukabumi,Sekolah menengah,-6.8944372,106.8066546
Golden Age Islamic School (GAIS),Sekolah pendidikan umum,-6.9191175,106.9188635
SMP Negeri 5 Kota Sukabumi,Sekolah Menengah Pertama,-6.91966,106.9356264
Pondok Pesantren Al Masthuriyah,Sekolah Agama,-6.9055791,106.870147
PAUD Al Hidayah Kota Sukabumi,Kelompok Bermain,-6.9388329,106.9244374
IPB kota sukabumi,Sekolah pendidikan umum,-6.9449005,106.9518037
Pondok Pesantren Al-hidayah & Mts Yasmin Kota Sukabumi,Sekolah Agama,-6.9139319,106.9097138
SMP NEGERI 1 CIBADAK,Sekolah Menengah Pertama,-6.8943996,106.7924349
SMP Pasundan Sukabumi,Sekolah Menengah Pertama,-6.923446,106.9233824
SMA AL BAYAN (Sekolah Unggulan),Sekolah Agama,-6.9007077,106.7833616
MTs Amal Islami Fullday And Boarding School Kota Sukabumi,Sekolah Menengah Pertama,-6.9530504,106.9180769
MTS Syamsul'Ulum,Sekolah pendidikan umum,-6.916567,106.9162383
SMPN 16,Sekolah menengah,-6.9308199,106.9045184
Pondok Pesantren Tahfizhul Qur'an Al-Izzah Sukabumi,Sekolah Menengah Khusus Wanita,-6.9494705,106.9447485
TK Aisyiyah 2,Taman Kanak-kanak,-6.9220116,106.9348085
SMP PGRI 2 Kota Sukabumi,Sekolah Menengah Pertama,-6.9103582,106.9220212
MI Cirenged,Sekolah Dasar,-6.8961415,106.871713
Sdn Cibeureum Hilir CBM Kota Sukabumi,Sekolah Dasar,-6.919748,106.958682
SD Negeri Dwikora Kota Sukabumi,Sekolah Dasar,-6.933128,106.9220198
SMP ITECH PASIM AR-RAYYAN,Sekolah Menengah Pertama,-6.9149141,106.9368191
SLB-C Budi Nurani Kota Sukabumi,Sekolah Pendidikan Khusus,-6.947516,106.9232272
SMA Muhammadiyah,Sekolah menengah,-6.9183022,106.9352655
SDN Sukakarya 2 Kota Sukabumi,Sekolah Dasar,-6.920388,106.9089564
Pestrn asalafia Sukabumi,Sekolah Menengah Umum,-6.9277361,106.9299579
BPK Penabur Sukabumi,Sekolah Paroki,-6.918626,106.9356823
Pondok Pesantren Al-Fauzan Sukabumi,Sekolah asrama,-6.931873,106.9109519
SD Islam Tahfidz Qur'an Alfajr,Sekolah pendidikan umum,-6.9075288,106.9130377
SMPN 1 Cisaat,Sekolah menengah,-6.9071433,106.8914909
Smpn 1 Kab.sukabumi,Sekolah Dasar,-6.9000562,106.9250538
SMP Mardi Waluya 2,Sekolah pendidikan umum,-6.920239,106.9313409
SDN Gunung Puyuh CBM,Sekolah Dasar,-6.9159819,106.9183468
BPR Sukabumi,Bank,-6.9143149,106.9328404
Bank CCB Indonesia KC Sukabumi,Bank,-6.9217519,106.9232912
Bank Mandiri KCP Sukabumi Ahmad Yani,Bank,-6.92222,106.9268147
Bank Mandiri Sukabumi Sudirman,Bank,-6.9211717,106.9225885
Bank Syariah Indonesia KC Sukabumi Sudirman,Bank,-6.9209038,106.9223809
bank bjb Kantor Cabang Sukabumi,Bank,-6.9215306,106.9243436
BCA KCU SUKABUMI,Bank,-6.921597,106.92396
BANK BRI KC SUKABUMI,Bank,-6.9221733,106.9260066
Bpr Sukabumi Bank Perkeditan Rakyat,Bank,-6.9064124,106.8939041
Bank BTN KC SUKABUMI,Bank,-6.9196427,106.9199079
Bank Sinarmas - Sukabumi,Bank,-6.9226109,106.9424874
BCA KCP Sukabumi Raya,Bank,-6.925045,106.927812
BNI KCP CIWANGI,Bank,-6.9221823,106.9290817
Bank Muamalat,Bank,-6.9207322,106.9226686
BNI Sukabumi,Bank,-6.9205338,106.9345737
BSI KC Sukabumi A. Yani,Bank,-6.921473,106.9236524
PermataBank,Bank,-6.9202078,106.9295894
Kantor Bpr Sukabumi,Bank,-6.9152347,106.9318065
BTPN KC Sukabumi,Bank,-6.9202834,106.9333434
BCA KCP Kota Paris,Bank,-6.922973,106.93507
Bank Woori Saudara KC Sukabumi,Bank,-6.919279,106.9179338
Bank Syariah Indonesia KCP Sukabumi Cibadak,Bank,-6.8944156,106.7927128
BPRS HIK PARAHYANGAN,Bank,-6.9029895,106.8821249
MANDIRI CISAAT,Bank,-6.9078793,106.8915949
BPR Supra Sukabumi,Bank,-6.9285959,106.926486
bank bjb KCP BPN Kota Sukabumi,Bank,-6.91273,106.9348351
Maybank Sukabumi,Bank,-6.9200614,106.9199571
BPR KOTA SUKABUMI,Layanan perbankan bisnis,-6.9226111,106.9321771
BCA KCP Cibadak,Bank,-6.8939557,106.7885463
PT.BPR DANA MANDIRI BOGOR,Bank,-6.903531,106.8552203
Bank BRI Unit Sukabumi Selatan,Bank,-6.9251774,106.9286264
BNI CIBADAK,Bank,-6.8937002,106.7857374
Mandiri Unit Mikro Cibadak,Bank,-6.8919043,106.7826459
CIMB NIAGA,Bank,-6.9208533,106.9315886
Bank Mega,Bank,-6.9196364,106.9197862
bank bjb KCP Pemda Kota Sukabumi,Bank,-6.9181612,106.9318428
BPR Semesta Megadana. PT,Bank,-6.912174,106.898323
Bank BRI Unit Sukabumi Utara,Bank,-6.9179729,106.9325793
BPR Supra KPO,Bank,-6.9089256,106.8933135
bank bjb KCP Samsat Wilayah Kota Sukabumi,Bank,-6.919199,106.926003
Bank BRI Unit Sukabumi Barat,Bank,-6.91967,106.915785
Mandiri Taspen Kantor Sukabumi,Bank,-6.9207322,106.9226685
BSN KCP Sukabumi,Bank,-6.8939837,106.7861054
Bjb Kcp Cisaat,Bank,-6.904625,106.886686
OCBC NISP,Bank,-6.9204512,106.929585
BPR Sukabumi Cab Parungkuda,Bank,-6.9010406,106.8416571
Bank Sinarmas,Bank,-6.9226316,106.9322115
bank bjb KCP Pasar Pelita,Bank,-6.925354,106.9338027
bank bjb KCP Cikukulu,Bank,-6.9036036,106.8579763
PD. BPR SUKABUMI Cab CIBADAK,Bank,-6.8936943,106.7840574
Bank KB Bukopin,Bank,-6.9211416,106.93581
Bank Mega,Bank,-6.9250935,106.9284058
PT PNM Cab Sukabumi,Bank,-6.9119894,106.9295498
Bank Bjb Syariah,Bank,-6.9202368,106.9203048
bank bjb KCP RSUD Sukabumi,Bank,-6.915269,106.9351928
BRI Unit Cibadak Kota,Bank,-6.8940425,106.7858539
Bank BRI Unit Karang Tengah,Bank,-6.895257,106.8084289
BPR Sukabumi. PD,Bank,-6.9123932,106.9292482
Bank BRI Unit Cibaraja,Bank,-6.9031192,106.8847261
Kanca BRI Cibadak,Bank,-6.8916173,106.7819441
Bank BRI Unit Bhayangkara,Bank,-6.9123406,106.9291454
Bank BRI Unit Sukabumi Timur,Bank,-6.9228956,106.9364906
PD BPR,Bank,-6.9225992,106.9321054
BPR NBP 11,Bank,-6.9254685,106.9251172
BRI Unit Cisande,Bank,-6.9040126,106.8542067
DANAMON SUKABUMI A YANI,Bank,-6.9219337,106.9248321
Bank Mayapada,Bank,-6.9251456,106.9273587
bank bjb Kantor Cabang Pembantu Ciaul,Bank,-6.9216296,106.9464874
PT Arthaasia Finance Sukabumi,Bank,-6.9181648,106.9130218
KCP Pelabuhan Ratu,Bank,-6.9231335,106.9342813
Panin Bank - Pasar Pelita,Bank,-6.9242227,106.9303913
Bank OCBC SUKABUMI - CIBADAK,Bank,-6.889427,106.780517
bank bjb KCP Cibadak,Bank,-6.8940164,106.7886739
ULaMM Pelita Sukabumi,Lembaga Keuangan,-6.9283599,106.9261926
Mandiri Tunas Finance,Lembaga Keuangan,-6.9198514,106.9210331
PD BPR KOTA SUKABUMI,Bank,-6.9256035,106.9304743
PT. BPD Jawa Barat Dan Banten,Bank,-6.9381739,106.8857177
BCA FINANCE SUKABUMI,Konsultan Keuangan,-6.9193959,106.9179719
Unit Cisaat,Bank,-6.9099058,106.8946244
BPR Supra Ciwangi,Bank,-6.9213878,106.9277974
bank bjb KCP Samsat Wil. Kab. Sukabumi Cibadak,Bank,-6.8941242,106.8000489
Bank Sukabum,Bank,-6.9034904,106.9379723
ATM DANAMON SUKABUMI AHMAD YANI,Bank,-6.9220456,106.9248579
BPR Supra Cibadak,Bank,-6.8942045,106.7875859
ATM bank bjb Dinas Kota Sukabumi,Bank,-6.9155898,106.9312862
ATM Bank Bukopin KCU Sukabumi,ATM,-6.9211116,106.9358205
"Bank Panin, Cibadak Kota",Bank,-6.8934992,106.7840025
ATM Permatabank,ATM,-6.9202069,106.9295595
Bank Mega,Bank,-6.940556,106.873611
KSU Daya Guna Mandiri,Bank,-6.9034523,106.8804423
Syariah Btpn Kantor Fungsional Operasional,Bank Tabungan,-6.9207593,106.9226711
Kredit Plus,Bank,-6.8958688,106.8129793
K.cengkareng DM,Bank Trust,-6.9123674,106.9216611
Western Union,Bank,-6.9213835,106.9277738
Bank BJB Payment Point Samsat Wilayah Kab. Sukabumi Cibadak,Bank,-6.8932191,106.7835079
Bank Muamalat,Bank,-6.8936963,106.7855636
Western Union,Bank,-6.9279193,106.9333835
bank bjb KCP RSUD Sekarwangi Cibadak,Bank,-6.8947224,106.7931189
Bank BRI CRM - BRI UNIT SUKABUMI SELATAN,ATM,-6.922059,106.9257599
Master Partner 3,Bank,-6.9153674,106.9360239
SWAMITRA KOPERASI SUKABUMI STUDY CENTER,Bank,-6.9228288,106.9375592
PNM Mekaar Cabang Parung Kuda,Bank,-6.8948597,106.7907171
Bank BJB ATM,Bank,-6.9219273,106.9285617
Agen BTPN WOW,Bank,-6.928753,106.9001077
ATM Muamalat Indomaret Cibatu Sukabumi,Bank,-6.9020663,106.8901194
Bank Woori Saudara KCP Cibadak,Bank,-6.8937287,106.7862508
BPR DANAPOS,Bank,-6.9145365,106.9341188
BPR PKU,Bank,-6.9356422,106.892732
BPR DANAPOS,Bank,-6.9169279,106.930913
PT Bank Bukopin Cibadak,Bank,-6.8941408,106.7897279
Western Union,Bank,-6.8957158,106.9387989
Finansia Multi Finance. PT - Sukabumi,Bank,-6.9153752,106.9071246
ATM bank bjb Kantor Kas RSUD Sekarwangi (Cibadak),Bank,-6.9156876,106.9361309
Bank OCBC NISP - Cosmo Technology,Bank,-6.9001799,106.8244484
Unit Layanan Modal Mikro Sukabumi Pasar Pelita,Bank,-6.9295371,106.9326999
Western Union,Bank,-6.9220487,106.925076
Bank BRI CRM - KC SUKABUMI,ATM,-6.9221733,106.9260066
Tunas Baru Group,Pengembangan Bisnis Perdagangan,-6.9281076,106.9141616
"Agen PRASETYO (""WoW"")",Bank Tabungan,-6.9050091,106.9136372
BPR Supra Bhayangkara,Bank,-6.9115465,106.9210327
RiniMart,Minimarket,-6.9171048,106.9296651
Toko Asri Pusat Oleh-oleh Sukabumi,Toko Swalayan,-6.9104995,106.9218695
Idolmart Ciaul Sukabumi,Minimarket,-6.9227278,106.9392972
YOMART CISAAT3,Minimarket,-6.9111305,106.8958441
indomaret alt jalur selatan perempatan jln rambay,Minimarket,-6.9301975,106.9003275
Toserba Yogya Sukabumi,Toko Swalayan,-6.9200478,106.9283485
I Mart,Minimarket,-6.8943888,106.7936818
Indomaret Otista Sukabumi,Minimarket,-6.9237255,106.9340552
Toserba Selamat,Pusat Perbelanjaan,-6.9210805,106.9348566
Alfamart,Minimarket,-6.9218625,106.9243126
Yomart Cisaat 1 Minimarket,Toko Swalayan,-6.9026845,106.883228
Mini Market Al-Barakah,Toko bahan makanan,-6.8809968,106.9036074
YOMART RAMBAY,Minimarket,-6.9131678,106.8989956
Alfamart SPBU Lingkar,Minimarket,-6.9265856,106.8952185
Alfamart,Minimarket,-6.9362685,106.9374387
Alfamart Salabintana2,Minimarket,-6.8950743,106.9386475
212 MART,Toko bahan makanan,-6.9101608,106.8945856
Alfamidi Jendral sudirman,Minimarket,-6.9191152,106.9163066
Indomaret Cigunung Sukabumi,Minimarket,-6.9118712,106.9018576
Alfamart,Minimarket,-6.910586,106.9236842
Prima Center 10 Cisaat,Toko Swalayan,-6.910955,106.8870069
Indomaret Perintis Kemerdekaan,Minimarket,-6.9204621,106.9268853
Toko Bobby,Minimarket,-6.9129631,106.9302847
Alfamart A. Yani 2 Sukabumi,Minimarket,-6.9213085,106.9232601
Toko Insani,Minimarket,-6.932453,106.9346519
Alfamart Simpang Cikidang,Minimarket,-6.8769994,106.7765954
Darussyifa Mart,Minimarket,-6.8856961,106.9161994
Alfamart Gunungguruh,Toko bahan makanan,-6.9307797,106.8999901
Mini Gold Sukabumi_distro buLia,Minimarket,-6.9260777,106.9053153
Indomaret Didi Sukardi,Minimarket,-6.9327346,106.9320907
Indomaret Ahmad Yani Sukabumi,Minimarket,-6.9226146,106.9323061
Toko Rifqi,Minimarket,-6.9247766,106.9433862
Alfamart,Minimarket,-6.923235,106.9354831
Alfamart cipoho,Minimarket,-6.9357157,106.9246859
NICESO CIBADAK,Minimarket,-6.893958,106.7860546
Indomaret Segog,Minimarket,-6.9001124,106.8245356
Alfamart Cibolang,Toko bahan makanan,-6.9052521,106.8767225
Alfamart,Minimarket,-6.9127716,106.9336051
Alfamart Cibatu,Minimarket,-6.9048602,106.8867981
Berkah Baru Toserba Cibadak,Toko bahan makanan,-6.8908128,106.7811098
Alfamart Ruko Danalaga,Minimarket,-6.9254929,106.9258436
Indomaret Jalur selatan,Minimarket,-6.9392452,106.9088561
Indomaret Raden Samsudin,Minimarket,-6.9148533,106.9357843
Alfamart,Minimarket,-6.930958,106.929432
SP Mart,Toko Swalayan,-6.8989324,106.9276491
Indomaret Cikembang-Sukabumi,Minimarket,-6.892609,106.9373361
Alfamart Cigunung,Minimarket,-6.9121373,106.9024172
Alfamart gunungpuyuh bhayangkara,Minimarket,-6.915931,106.9179436
Alfamart parungseah gede,Minimarket,-6.896586,106.924401
Indomaret Cikukulu Raya,Minimarket,-6.9038873,106.859864
Indomaret Sriwedari,Minimarket,-6.9123407,106.9291792
Indomaret Cibatu Sukabumi,Minimarket,-6.9048604,106.887306
Indomaret Pesona Pangrango,Minimarket,-6.9038869,106.9296534
Indomaret Prana Estate,Minimarket,-6.9148176,106.9357872
ATM BCA & ATM BRI,Minimarket,-6.9127246,106.8988885
Alfamart Nagrak Cisaat,Minimarket,-6.8770495,106.7972105
Indomaret,Minimarket,-6.8772487,106.7766381
INDOMARET PARUNGSEAH,Minimarket,-6.8992045,106.9246273
Kios Pink,Minimarket,-6.9235109,106.9232076
Toserba Berkah Cisaat,Toko bahan makanan,-6.9064637,106.8918081
Indomaret Salakopi,Minimarket,-6.9013473,106.8334901
Indomaret Cibolang Kaler,Minimarket,-6.9052015,106.8678301
Bright,Minimarket,-6.9265719,106.933043
Warung Adang,Minimarket,-6.9173239,106.9095663
SEJAHTERA MINIMART & ATK,Toko,-6.9203471,106.9309696
Alfamart,Minimarket,-6.92974,106.92589
Point Coffee kantor pos sukabumi,Minimarket,-6.9223022,106.9265404
IDOLMART KARANG TENGAH SUKABUMI,Minimarket,-6.8960394,106.8146129
S-Mart SPBU Otista,Minimarket,-6.9342931,106.931729
Toko Acong,Minimarket,-6.9203503,106.9279944
Wr. Sujana,Minimarket,-6.9198276,106.9187554
Indomaret suryakencana sukabumi,Minimarket,-6.8884783,106.7801301
Alfamart,Minimarket,-6.9227678,106.9395928
Alfamart Raya Rambay,Minimarket,-6.9124794,106.8991668
Toko,Toko Swalayan,-6.9227204,106.9582859
Alfamidi Cibadak Sukabumi,Minimarket,-6.8946383,106.7958128
Indomaret Royal Kabandungan,Minimarket,-6.9113807,106.9291967
Alfamart Nyomplong,Minimarket,-6.9265311,106.9212137
Alfamart Jalur Cibatu,Toko bahan makanan,-6.9125343,106.8791031
Yomart Cisaat 2,Minimarket,-6.9057203,106.8921283
Indomaret Nagrak Sukabumi (TXXJ),Minimarket,-6.8700658,106.80459
Indomaret Cagak,Minimarket,-6.9027418,106.8832341
Alfamart,Minimarket,-6.929533,106.9327639
INDOMARET RA. KOSASIH SUKABUMI (TR13),Minimarket,-6.9215485,106.9452581
Alfamart Raya Cibadak,Toko bahan makanan,-6.891809,106.7821376
Alfamart Kadupugur,Toko bahan makanan,-6.90161,106.8461444
Indomaret kramat,Minimarket,-6.9041819,106.9181592
Ramayana departemen store,Toserba,-6.9256251,106.9292051
Alfamart,Minimarket,-6.9258264,106.895139
ALFAMART CIAUL SUKABUMI,Minimarket,-6.9150706,106.9443103
Indomaret Nyomplong,Minimarket,-6.9242748,106.9215905
Alfamart,Minimarket,-6.9211854,106.935523
Alfamart CIJAMBU,Minimarket,-6.8891846,106.8997934
Alfamart CIANDAM SUKABUMI,Minimarket,-6.9316974,106.9471247
Indomaret Sukamulya Cikembar,Toko bahan makanan,-6.9335476,106.7748602
Indomaret cibadak sukabumi,Minimarket,-6.8894522,106.7805656
Suhardi Grosir,Minimarket,-6.9233203,106.9439883
Toko Terus Terang,Minimarket,-6.9224843,106.9427063
INDOMARET BHAYANGKARA,Minimarket,-6.917225,106.9165465
Sumber Barokah,Minimarket,-6.9015379,106.8328039
Indomaret SPBU Ciaul,Minimarket,-6.922189,106.9419311
Alfamart Bhayangkara,Minimarket,-6.9121961,106.9288918
Indomaret Alternatif Nagrak (TGIL),Minimarket,-6.8821977,106.7835329
Toko Abbas Grosir & Eceran,Toko bahan makanan,-6.9070075,106.92219
Indomaret Sekarwangi Cibadak TM40,Minimarket,-6.8936638,106.7856807
Ramdan Billa Jaya,Minimarket,-6.9247163,106.9303487
JAJANAN SUBUH TOSERBA SELAMAT SUKABUMI,Sarapan,-6.9208549,106.9349447
Toko You,Minimarket,-6.9199106,106.9235238
HIKMART - CISAAT,Minimarket,-6.8959074,106.8706558
Indomaret Karang Tengah 2,Minimarket,-6.8971294,106.8205149
Alfamart Kadudampit,Minimarket,-6.8724081,106.9100921
Alfor Snack Â² Serba 2000,Minimarket,-6.8959837,106.8143773
Indomaret Cikondang Sukabumi,Minimarket,-6.9430793,106.9251181
Alfamart Cisaat 3/f,Minimarket,-6.9060962,106.8918694
Alfamart Mangkalaya,Minimarket,-6.9255453,106.8796562
Sumber Alfaria Trijaya. PT (Alfamart),Minimarket,-6.92156,106.94572
Indomaret Cikujang,Minimarket,-6.9365436,106.8996731
Indomaret Mangkalaya Cisaat,Minimarket,-6.9283855,106.877936
Alfamart Karangtengah 3,Minimarket,-6.8974778,106.8205238
Imelda Jaya,Minimarket,-6.9311939,106.9311877
